{"cameraMode":{"drawMode":0,"name":"Shaded","section":"Shading Mode"},"sceneLighting":true,"audioPlay":false,"sceneViewState":{"m_AlwaysRefresh":false,"showFog":true,"showSkybox":true,"showFlares":true,"showImageEffects":true,"showParticleSystems":true,"showVisualEffectGraphs":true,"m_FxEnabled":true},"in2DMode":false,"pivot":{"x":0.21703894436359406,"y":20.44487762451172,"z":25.06463623046875},"rotation":{"x":0.00022887143131811172,"y":0.9244449138641357,"z":-0.3813055455684662,"w":0.0005556976539082825},"size":4.0991692543029789,"orthographic":false}