{"cameraMode":{"drawMode":0,"name":"Shaded","section":"Shading Mode"},"sceneLighting":true,"audioPlay":false,"sceneViewState":{"m_AlwaysRefresh":false,"showFog":true,"showSkybox":true,"showFlares":true,"showImageEffects":true,"showParticleSystems":true,"showVisualEffectGraphs":true,"m_FxEnabled":true},"in2DMode":false,"pivot":{"x":-0.12146417796611786,"y":7.674239158630371,"z":-0.4462997317314148},"rotation":{"x":0.19606220722198487,"y":0.6724051237106323,"z":0.19174377620220185,"w":-0.6875389814376831},"size":4.0991692543029789,"orthographic":false}