{"cameraMode":{"drawMode":0,"name":"Shaded","section":"Shading Mode"},"sceneLighting":true,"audioPlay":false,"sceneViewState":{"m_AlwaysRefresh":false,"showFog":true,"showSkybox":true,"showFlares":true,"showImageEffects":true,"showParticleSystems":true,"showVisualEffectGraphs":true,"m_FxEnabled":true},"in2DMode":false,"pivot":{"x":-1.451392650604248,"y":10.079402923583985,"z":21.550067901611329},"rotation":{"x":-0.003005393547937274,"y":0.9645754098892212,"z":-0.2635408043861389,"w":-0.01099527720361948},"size":4.0991692543029789,"orthographic":false}