{"cameraMode":{"drawMode":0,"name":"Shaded","section":"Shading Mode"},"sceneLighting":true,"audioPlay":false,"sceneViewState":{"m_AlwaysRefresh":false,"showFog":true,"showSkybox":true,"showFlares":true,"showImageEffects":true,"showParticleSystems":true,"showVisualEffectGraphs":true,"m_FxEnabled":true},"in2DMode":false,"pivot":{"x":-0.07493114471435547,"y":-0.13165950775146485,"z":0.17217779159545899},"rotation":{"x":-0.09313824772834778,"y":0.8931330442428589,"z":-0.21743839979171754,"w":-0.38256779313087466},"size":4.0991692543029789,"orthographic":false}